ogc_fid,dn,id,forest_gro,ecoregion_
1270867,"700","36",Elm/Ash/Cottonwood Group,East Central Texas Plains
765,"400","10",Oak/Pine Group,Edwards Plateau
1812815,"200","56",Douglas-fir Group,Northwestern Great Plains
1157040,"140","30",Longleaf/Slash Pine Group,Mississippi Valley Loess Plains
1772708,"800","54",Maple/Beech/Birch Group,Cross Timbers
3284635,"950","85",Other Western Hardwoods Group,Sonoran Basin and Range
981044,"120","21",Spruce/Fir Group,Southeastern Wisconsin Till Plains
2794977,"260","72",Fir/Spruce/Mountain Hemlock Group,Middle Rockies
2899022,"380","73",Exotic Softwoods Group,North Central Appalachians
378408,"910","19",Alder/Maple Group,Central California Foothills and Coastal Mountains
2697751,"370","6",California Mixed Conifer Group,Northern Basin and Range
3259349,"920","81",Western Oak Group,North Cascades
3072106,"700","79",Elm/Ash/Cottonwood Group,South Central Plains
1167375,"180","31",Pinyon/Juniper Group,Arkansas Valley
1752552,"900","52",Aspen/Birch Group,Klamath Mountains/California High North Coast Range
1825028,"920","56",Western Oak Group,Northwestern Great Plains
1609925,"400","49",Oak/Pine Group,Western Gulf Coastal Plain
1105216,"500","29",Oak/Hickory Group,Southwestern Tablelands
1559614,"800","48",Maple/Beech/Birch Group,Acadian Plains and Hills
241782,"900","17",Aspen/Birch Group,Ridge and Valley
1261131,"700","35",Elm/Ash/Cottonwood Group,Columbia Plateau
2763611,"600","71",Oak/Gum/Cypress Group,Ouachita Mountains
1187208,"200","32",Douglas-fir Group,Central Basin and Range
2670965,"220","69",Ponderosa Pine Group,Eastern Cascades Slopes and Foothills
1292476,"500","37",Oak/Hickory Group,Mississippi Alluvial Plain
1373482,"120","39",Spruce/Fir Group,Central Appalachians
1989267,"100","5",White/Red/Jack Pine Group,Northern Lakes and Forests
97555,"220","14",Ponderosa Pine Group,Colorado Plateaus
2738564,"920","70",Western Oak Group,Blue Mountains
378216,"920","19",Western Oak Group,Central California Foothills and Coastal Mountains
2573100,"900","68",Aspen/Birch Group,Southern Rockies
3016580,"800","78",Maple/Beech/Birch Group,Northeastern Coastal Zone
1292514,"600","37",Oak/Gum/Cypress Group,Mississippi Alluvial Plain
1280002,"990","36",Exotic Hardwoods Group,East Central Texas Plains
55624,"400","12",Oak/Pine Group,Blue Ridge
378234,"220","19",Ponderosa Pine Group,Central California Foothills and Coastal Mountains
2814403,"950","72",Other Western Hardwoods Group,Middle Rockies
1539147,"920","47",Western Oak Group,Arizona/New Mexico Plateau
1771582,"950","53",Other Western Hardwoods Group,Snake River Plain
96239,"180","13",Pinyon/Juniper Group,Canadian Rockies
2407612,"380","65",Exotic Softwoods Group,Western Allegheny Plateau
2697897,"280","6",Lodgepole Pine Group,Northern Basin and Range
1101908,"800","28",Maple/Beech/Birch Group,Nebraska Sand Hills
2264956,"950","62",Other Western Hardwoods Group,Puget Lowland
3298689,"100","8",White/Red/Jack Pine Group,Piedmont
1539094,"220","47",Ponderosa Pine Group,Arizona/New Mexico Plateau
1706937,"220","51",Ponderosa Pine Group,Driftless Area
97559,"180","14",Pinyon/Juniper Group,Colorado Plateaus
1126471,"800","30",Maple/Beech/Birch Group,Mississippi Valley Loess Plains
1384895,"920","3",Western Oak Group,Arizona/New Mexico Mountains
2214549,"400","60",Oak/Pine Group,Northern Allegheny Plateau
97606,"260","14",Fir/Spruce/Mountain Hemlock Group,Colorado Plateaus
3284746,"370","85",California Mixed Conifer Group,Sonoran Basin and Range
1539275,"700","47",Elm/Ash/Cottonwood Group,Arizona/New Mexico Plateau
2304934,"340","63",Redwood Group,Coast Range
2718989,"280","70",Lodgepole Pine Group,Blue Mountains
1535401,"280","46",Lodgepole Pine Group,Northwestern Glaciated Plains
3016632,"900","78",Aspen/Birch Group,Northeastern Coastal Zone
3234793,"500","80",Oak/Hickory Group,Flint Hills
981084,"500","21",Oak/Hickory Group,Southeastern Wisconsin Till Plains
2671192,"360","69",Other Western Softwood Group,Eastern Cascades Slopes and Foothills
378253,"180","19",Pinyon/Juniper Group,Central California Foothills and Coastal Mountains
2573150,"950","68",Other Western Hardwoods Group,Southern Rockies
2674823,"910","69",Alder/Maple Group,Eastern Cascades Slopes and Foothills
3505207,"280","9",Lodgepole Pine Group,Wyoming Basin
1250238,"100","34",White/Red/Jack Pine Group,Northern Minnesota Wetlands
1872399,"370","58",California Mixed Conifer Group,Sierra Nevada
2573077,"920","68",Western Oak Group,Southern Rockies
1535370,"200","46",Douglas-fir Group,Northwestern Glaciated Plains
3244664,"900","81",Aspen/Birch Group,North Cascades
965553,"180","20",Pinyon/Juniper Group,Southwestern Appalachians
1807732,"940","55",Tanoak/Laurel Group,Willamette Valley
1546260,"950","47",Other Western Hardwoods Group,Arizona/New Mexico Plateau
1930368,"500","59",Oak/Hickory Group,Northeastern Highlands
1434020,"700","41",Elm/Ash/Cottonwood Group,Interior Plateau
2407439,"100","65",White/Red/Jack Pine Group,Western Allegheny Plateau
3287788,"220","85",Ponderosa Pine Group,Sonoran Basin and Range
992895,"160","22",Loblolly/Shortleaf Pine Group,Texas Blackland Prairies
1500358,"920","42",Western Oak Group,Southern Texas Plains
1829251,"400","56",Oak/Pine Group,Northwestern Great Plains
2909635,"600","74",Oak/Gum/Cypress Group,Southern Florida Coastal Plain
1609922,"160","49",Loblolly/Shortleaf Pine Group,Western Gulf Coastal Plain
390563,"990","19",Exotic Hardwoods Group,Central California Foothills and Coastal Mountains
3245440,"700","81",Elm/Ash/Cottonwood Group,North Cascades
1034748,"180","24",Pinyon/Juniper Group,Interior River Valleys and Hills
12,"160","10",Loblolly/Shortleaf Pine Group,Edwards Plateau
2674764,"920","69",Western Oak Group,Eastern Cascades Slopes and Foothills
3294892,"500","8",Oak/Hickory Group,Piedmont
1187174,"180","32",Pinyon/Juniper Group,Central Basin and Range
2237442,"800","61",Maple/Beech/Birch Group,Eastern Great Lakes Lowlands
1746471,"180","52",Pinyon/Juniper Group,Klamath Mountains/California High North Coast Range
1775037,"920","54",Western Oak Group,Cross Timbers
3273974,"260","84",Fir/Spruce/Mountain Hemlock Group,Madrean Archipelago
1117004,"500","2",Oak/Hickory Group,High Plains
2504243,"980","66",Tropical Hardwoods Group,Southern Coastal Plain
1025099,"800","24",Maple/Beech/Birch Group,Interior River Valleys and Hills
1105770,"400","29",Oak/Pine Group,Southwestern Tablelands
241177,"800","17",Maple/Beech/Birch Group,Ridge and Valley
982826,"380","21",Exotic Softwoods Group,Southeastern Wisconsin Till Plains
97590,"900","14",Aspen/Birch Group,Colorado Plateaus
2245076,"180","61",Pinyon/Juniper Group,Eastern Great Lakes Lowlands
1737561,"950","52",Other Western Hardwoods Group,Klamath Mountains/California High North Coast Range
2901731,"120","73",Spruce/Fir Group,North Central Appalachians
2214292,"900","60",Aspen/Birch Group,Northern Allegheny Plateau
1433795,"500","41",Oak/Hickory Group,Interior Plateau
1878358,"900","58",Aspen/Birch Group,Sierra Nevada
1770872,"200","53",Douglas-fir Group,Snake River Plain
1,"600","10",Oak/Gum/Cypress Group,Edwards Plateau
2266691,"900","62",Aspen/Birch Group,Puget Lowland
3023919,"380","78",Exotic Softwoods Group,Northeastern Coastal Zone
1422344,"100","40",White/Red/Jack Pine Group,Atlantic Coastal Pine Barrens
3005113,"400","77",Oak/Pine Group,Northern Piedmont
1079682,"120","25",Spruce/Fir Group,Central Corn Belt Plains
1701128,"120","51",Spruce/Fir Group,Driftless Area
1001189,"500","23",Oak/Hickory Group,Erie Drift Plain
2803748,"180","72",Pinyon/Juniper Group,Middle Rockies
3272247,"220","84",Ponderosa Pine Group,Madrean Archipelago
1831623,"180","57",Pinyon/Juniper Group,Central Great Plains
2278556,"260","63",Fir/Spruce/Mountain Hemlock Group,Coast Range
2572896,"700","67",Elm/Ash/Cottonwood Group,Chihuahuan Deserts
3300925,"180","8",Pinyon/Juniper Group,Piedmont
2670961,"260","69",Fir/Spruce/Mountain Hemlock Group,Eastern Cascades Slopes and Foothills
1883030,"340","58",Redwood Group,Sierra Nevada
1831612,"800","57",Maple/Beech/Birch Group,Central Great Plains
383449,"340","19",Redwood Group,Central California Foothills and Coastal Mountains
1513875,"940","43",Tanoak/Laurel Group,Cascades
3505202,"220","9",Ponderosa Pine Group,Wyoming Basin
2878979,"400","72",Oak/Pine Group,Middle Rockies
1701755,"400","51",Oak/Pine Group,Driftless Area
1609379,"160","48",Loblolly/Shortleaf Pine Group,Acadian Plains and Hills
2214244,"100","60",White/Red/Jack Pine Group,Northern Allegheny Plateau
298400,"800","18",Maple/Beech/Birch Group,North Central Hardwood Forests
1806810,"200","55",Douglas-fir Group,Willamette Valley
1530338,"940","44",Tanoak/Laurel Group,Southern California Mountains
3232172,"700","7",Elm/Ash/Cottonwood Group,Northern Glaciated Plains
75829,"280","13",Lodgepole Pine Group,Canadian Rockies
1411994,"700","3",Elm/Ash/Cottonwood Group,Arizona/New Mexico Mountains
396263,"160","1",Loblolly/Shortleaf Pine Group,Southeastern Plains
1001198,"700","23",Elm/Ash/Cottonwood Group,Erie Drift Plain
1879099,"360","58",Other Western Softwood Group,Sierra Nevada
3263963,"920","82",Western Oak Group,Chihuahuan Deserts
1536323,"800","46",Maple/Beech/Birch Group,Northwestern Glaciated Plains
2763612,"400","71",Oak/Pine Group,Ouachita Mountains
3234799,"800","80",Maple/Beech/Birch Group,Flint Hills
243288,"160","17",Loblolly/Shortleaf Pine Group,Ridge and Valley
298395,"100","18",White/Red/Jack Pine Group,North Central Hardwood Forests
1621448,"800","4",Maple/Beech/Birch Group,Central Irregular Plains
143257,"900","15",Aspen/Birch Group,Eastern Corn Belt Plains
1535364,"180","46",Pinyon/Juniper Group,Northwestern Glaciated Plains
1535426,"260","46",Fir/Spruce/Mountain Hemlock Group,Northwestern Glaciated Plains
3016595,"100","78",White/Red/Jack Pine Group,Northeastern Coastal Zone
2300818,"920","63",Western Oak Group,Coast Range
2228714,"200","60",Douglas-fir Group,Northern Allegheny Plateau
1101698,"500","28",Oak/Hickory Group,Nebraska Sand Hills
1989264,"800","5",Maple/Beech/Birch Group,Northern Lakes and Forests
1774345,"600","54",Oak/Gum/Cypress Group,Cross Timbers
1366991,"900","39",Aspen/Birch Group,Central Appalachians
2698916,"900","6",Aspen/Birch Group,Northern Basin and Range
2794976,"280","72",Lodgepole Pine Group,Middle Rockies
1366987,"800","39",Maple/Beech/Birch Group,Central Appalachians
1737703,"360","52",Other Western Softwood Group,Klamath Mountains/California High North Coast Range
1079657,"100","25",White/Red/Jack Pine Group,Central Corn Belt Plains
1126393,"950","2",Other Western Hardwoods Group,High Plains
2572892,"950","67",Other Western Hardwoods Group,Chihuahuan Deserts
396272,"800","1",Maple/Beech/Birch Group,Southeastern Plains
2688622,"950","69",Other Western Hardwoods Group,Eastern Cascades Slopes and Foothills
2795984,"320","72",Western Larch Group,Middle Rockies
1807651,"220","55",Ponderosa Pine Group,Willamette Valley
3234795,"700","80",Elm/Ash/Cottonwood Group,Flint Hills
2320154,"600","64",Oak/Gum/Cypress Group,Middle Atlantic Coastal Plain
1292595,"160","37",Loblolly/Shortleaf Pine Group,Mississippi Alluvial Plain
298408,"500","18",Oak/Hickory Group,North Central Hardwood Forests
1874817,"940","58",Tanoak/Laurel Group,Sierra Nevada
1498719,"160","42",Loblolly/Shortleaf Pine Group,Southern Texas Plains
98002,"280","14",Lodgepole Pine Group,Colorado Plateaus
1235282,"600","33",Oak/Gum/Cypress Group,Ozark Highlands
2912733,"180","75",Pinyon/Juniper Group,Wasatch and Uinta Mountains
2264890,"200","62",Douglas-fir Group,Puget Lowland
2215348,"120","60",Spruce/Fir Group,Northern Allegheny Plateau
164909,"300","16",Hemlock/Sitka Spruce Group,Northern Rockies
1535418,"360","46",Other Western Softwood Group,Northwestern Glaciated Plains
1872403,"180","58",Pinyon/Juniper Group,Sierra Nevada
243268,"120","17",Spruce/Fir Group,Ridge and Valley
1536847,"400","46",Oak/Pine Group,Northwestern Glaciated Plains
3244804,"220","81",Ponderosa Pine Group,North Cascades
1313947,"140","37",Longleaf/Slash Pine Group,Mississippi Alluvial Plain
1001185,"100","23",White/Red/Jack Pine Group,Erie Drift Plain
1725815,"180","51",Pinyon/Juniper Group,Driftless Area
396262,"700","1",Elm/Ash/Cottonwood Group,Southeastern Plains
991714,"400","22",Oak/Pine Group,Texas Blackland Prairies
1498720,"700","42",Elm/Ash/Cottonwood Group,Southern Texas Plains
1292865,"990","37",Exotic Hardwoods Group,Mississippi Alluvial Plain
16198,"920","10",Western Oak Group,Edwards Plateau
2698431,"260","6",Fir/Spruce/Mountain Hemlock Group,Northern Basin and Range
154078,"180","15",Pinyon/Juniper Group,Eastern Corn Belt Plains
1122589,"920","2",Western Oak Group,High Plains
1270931,"600","36",Oak/Gum/Cypress Group,East Central Texas Plains
2678085,"180","69",Pinyon/Juniper Group,Eastern Cascades Slopes and Foothills
75868,"360","13",Other Western Softwood Group,Canadian Rockies
2827134,"500","72",Oak/Hickory Group,Middle Rockies
2899040,"400","73",Oak/Pine Group,North Central Appalachians
1535362,"700","46",Elm/Ash/Cottonwood Group,Northwestern Glaciated Plains
378460,"950","19",Other Western Hardwoods Group,Central California Foothills and Coastal Mountains
1808117,"900","55",Aspen/Birch Group,Willamette Valley
1936420,"600","59",Oak/Gum/Cypress Group,Northeastern Highlands
1831631,"220","57",Ponderosa Pine Group,Central Great Plains
1772318,"920","53",Western Oak Group,Snake River Plain
2795987,"360","72",Other Western Softwood Group,Middle Rockies
1621458,"180","4",Pinyon/Juniper Group,Central Irregular Plains
2573048,"180","68",Pinyon/Juniper Group,Southern Rockies
1098661,"700","27",Elm/Ash/Cottonwood Group,Boston Mountains
3505208,"260","9",Fir/Spruce/Mountain Hemlock Group,Wyoming Basin
1422365,"120","40",Spruce/Fir Group,Atlantic Coastal Pine Barrens
1990777,"400","5",Oak/Pine Group,Northern Lakes and Forests
1559610,"900","48",Aspen/Birch Group,Acadian Plains and Hills
2448019,"700","66",Elm/Ash/Cottonwood Group,Southern Coastal Plain
1914535,"100","59",White/Red/Jack Pine Group,Northeastern Highlands
1609993,"700","49",Elm/Ash/Cottonwood Group,Western Gulf Coastal Plain
2320132,"500","64",Oak/Hickory Group,Middle Atlantic Coastal Plain
2237445,"700","61",Elm/Ash/Cottonwood Group,Eastern Great Lakes Lowlands
1187222,"220","32",Ponderosa Pine Group,Central Basin and Range
2718806,"260","70",Fir/Spruce/Mountain Hemlock Group,Blue Mountains
1385268,"260","3",Fir/Spruce/Mountain Hemlock Group,Arizona/New Mexico Mountains
1938208,"160","59",Loblolly/Shortleaf Pine Group,Northeastern Highlands
1539076,"180","47",Pinyon/Juniper Group,Arizona/New Mexico Plateau
1350820,"700","38",Elm/Ash/Cottonwood Group,Idaho Batholith
2795042,"700","72",Elm/Ash/Cottonwood Group,Middle Rockies
55933,"160","12",Loblolly/Shortleaf Pine Group,Blue Ridge
2577604,"700","68",Elm/Ash/Cottonwood Group,Southern Rockies
962717,"160","20",Loblolly/Shortleaf Pine Group,Southwestern Appalachians
1633178,"900","4",Aspen/Birch Group,Central Irregular Plains
1862553,"950","57",Other Western Hardwoods Group,Central Great Plains
3286413,"920","85",Western Oak Group,Sonoran Basin and Range
962630,"100","20",White/Red/Jack Pine Group,Southwestern Appalachians
1262365,"260","35",Fir/Spruce/Mountain Hemlock Group,Columbia Plateau
1539074,"200","47",Douglas-fir Group,Arizona/New Mexico Plateau
1322939,"280","38",Lodgepole Pine Group,Idaho Batholith
1262953,"920","35",Western Oak Group,Columbia Plateau
1609924,"600","49",Oak/Gum/Cypress Group,Western Gulf Coastal Plain
1366988,"500","39",Oak/Hickory Group,Central Appalachians
2237448,"100","61",White/Red/Jack Pine Group,Eastern Great Lakes Lowlands
3232156,"900","7",Aspen/Birch Group,Northern Glaciated Plains
1384875,"180","3",Pinyon/Juniper Group,Arizona/New Mexico Mountains
2764285,"180","71",Pinyon/Juniper Group,Ouachita Mountains
1098708,"800","27",Maple/Beech/Birch Group,Boston Mountains
1698437,"360","50",Other Western Softwood Group,Mojave Basin and Range
3505243,"360","9",Other Western Softwood Group,Wyoming Basin
2719584,"180","70",Pinyon/Juniper Group,Blue Mountains
1989266,"120","5",Spruce/Fir Group,Northern Lakes and Forests
2246036,"160","61",Loblolly/Shortleaf Pine Group,Eastern Great Lakes Lowlands
32067,"100","11",White/Red/Jack Pine Group,Southern Michigan/Northern Indiana Drift Plains
1187178,"700","32",Elm/Ash/Cottonwood Group,Central Basin and Range
2418458,"400","65",Oak/Pine Group,Western Allegheny Plateau
2909630,"980","74",Tropical Hardwoods Group,Southern Florida Coastal Plain
1093126,"120","26",Spruce/Fir Group,Huron/Erie Lake Plains
1116865,"180","2",Pinyon/Juniper Group,High Plains
1621449,"500","4",Oak/Hickory Group,Central Irregular Plains
2899061,"100","73",White/Red/Jack Pine Group,North Central Appalachians
1809926,"180","56",Pinyon/Juniper Group,Northwestern Great Plains
1217233,"500","33",Oak/Hickory Group,Ozark Highlands
3072118,"400","79",Oak/Pine Group,South Central Plains
2571423,"100","66",White/Red/Jack Pine Group,Southern Coastal Plain
1218030,"180","33",Pinyon/Juniper Group,Ozark Highlands
981034,"800","21",Maple/Beech/Birch Group,Southeastern Wisconsin Till Plains
2912739,"950","75",Other Western Hardwoods Group,Wasatch and Uinta Mountains
1098318,"400","27",Oak/Pine Group,Boston Mountains
164869,"200","16",Douglas-fir Group,Northern Rockies
3276733,"700","84",Elm/Ash/Cottonwood Group,Madrean Archipelago
2718802,"220","70",Ponderosa Pine Group,Blue Mountains
3004771,"900","77",Aspen/Birch Group,Northern Piedmont
2697678,"200","6",Douglas-fir Group,Northern Basin and Range
2795022,"900","72",Aspen/Birch Group,Middle Rockies
2264904,"700","62",Elm/Ash/Cottonwood Group,Puget Lowland
2878740,"370","72",California Mixed Conifer Group,Middle Rockies
3244656,"200","81",Douglas-fir Group,North Cascades
50371,"400","11",Oak/Pine Group,Southern Michigan/Northern Indiana Drift Plains
1438556,"160","41",Loblolly/Shortleaf Pine Group,Interior Plateau
2407723,"900","65",Aspen/Birch Group,Western Allegheny Plateau
1809908,"700","56",Elm/Ash/Cottonwood Group,Northwestern Great Plains
3244779,"360","81",Other Western Softwood Group,North Cascades
2447995,"600","66",Oak/Gum/Cypress Group,Southern Coastal Plain
1535363,"220","46",Ponderosa Pine Group,Northwestern Glaciated Plains
298397,"120","18",Spruce/Fir Group,North Central Hardwood Forests
3017349,"700","78",Elm/Ash/Cottonwood Group,Northeastern Coastal Zone
989379,"600","21",Oak/Gum/Cypress Group,Southeastern Wisconsin Till Plains
1772844,"180","54",Pinyon/Juniper Group,Cross Timbers
1433794,"800","41",Maple/Beech/Birch Group,Interior Plateau
378248,"360","19",Other Western Softwood Group,Central California Foothills and Coastal Mountains
1001182,"800","23",Maple/Beech/Birch Group,Erie Drift Plain
1809913,"500","56",Oak/Hickory Group,Northwestern Great Plains
2264889,"300","62",Hemlock/Sitka Spruce Group,Puget Lowland
1772816,"400","54",Oak/Pine Group,Cross Timbers
2705591,"300","6",Hemlock/Sitka Spruce Group,Northern Basin and Range
1082501,"180","25",Pinyon/Juniper Group,Central Corn Belt Plains
1384888,"220","3",Ponderosa Pine Group,Arizona/New Mexico Mountains
1025201,"400","24",Oak/Pine Group,Interior River Valleys and Hills
1292481,"800","37",Maple/Beech/Birch Group,Mississippi Alluvial Plain
1771034,"900","53",Aspen/Birch Group,Snake River Plain
1504635,"280","43",Lodgepole Pine Group,Cascades
298431,"700","18",Elm/Ash/Cottonwood Group,North Central Hardwood Forests
1126436,"160","30",Loblolly/Shortleaf Pine Group,Mississippi Valley Loess Plains
1038683,"160","24",Loblolly/Shortleaf Pine Group,Interior River Valleys and Hills
1806809,"910","55",Alder/Maple Group,Willamette Valley
1511076,"920","43",Western Oak Group,Cascades
192453,"180","16",Pinyon/Juniper Group,Northern Rockies
241519,"100","17",White/Red/Jack Pine Group,Ridge and Valley
1220322,"160","33",Loblolly/Shortleaf Pine Group,Ozark Highlands
1513633,"900","43",Aspen/Birch Group,Cascades
1737912,"940","52",Tanoak/Laurel Group,Klamath Mountains/California High North Coast Range
1025057,"500","24",Oak/Hickory Group,Interior River Valleys and Hills
1922862,"400","59",Oak/Pine Group,Northeastern Highlands
55671,"180","12",Pinyon/Juniper Group,Blue Ridge
2909636,"160","74",Loblolly/Shortleaf Pine Group,Southern Florida Coastal Plain
1261088,"220","35",Ponderosa Pine Group,Columbia Plateau
1833471,"200","57",Douglas-fir Group,Central Great Plains
2671998,"320","69",Western Larch Group,Eastern Cascades Slopes and Foothills
3271246,"950","84",Other Western Hardwoods Group,Madrean Archipelago
2214008,"800","60",Maple/Beech/Birch Group,Northern Allegheny Plateau
1167381,"400","31",Oak/Pine Group,Arkansas Valley
3019569,"160","78",Loblolly/Shortleaf Pine Group,Northeastern Coastal Zone
2214010,"700","60",Elm/Ash/Cottonwood Group,Northern Allegheny Plateau
3057346,"180","78",Pinyon/Juniper Group,Northeastern Coastal Zone
3294924,"400","8",Oak/Pine Group,Piedmont
1630712,"600","4",Oak/Gum/Cypress Group,Central Irregular Plains
1809916,"220","56",Ponderosa Pine Group,Northwestern Great Plains
2572898,"180","67",Pinyon/Juniper Group,Chihuahuan Deserts
1444307,"100","41",White/Red/Jack Pine Group,Interior Plateau
1217324,"700","33",Elm/Ash/Cottonwood Group,Ozark Highlands
1539075,"900","47",Aspen/Birch Group,Arizona/New Mexico Plateau
1536472,"500","46",Oak/Hickory Group,Northwestern Glaciated Plains
998028,"990","22",Exotic Hardwoods Group,Texas Blackland Prairies
75847,"900","13",Aspen/Birch Group,Canadian Rockies
24871,"950","10",Other Western Hardwoods Group,Edwards Plateau
962631,"400","20",Oak/Pine Group,Southwestern Appalachians
455388,"180","1",Pinyon/Juniper Group,Southeastern Plains
1422439,"900","40",Aspen/Birch Group,Atlantic Coastal Pine Barrens
2958834,"220","76",Ponderosa Pine Group,Western Corn Belt Plains
147873,"400","15",Oak/Pine Group,Eastern Corn Belt Plains
3004613,"500","77",Oak/Hickory Group,Northern Piedmont
1771101,"280","53",Lodgepole Pine Group,Snake River Plain
386643,"240","19",Western White Pine Group,Central California Foothills and Coastal Mountains
32082,"120","11",Spruce/Fir Group,Southern Michigan/Northern Indiana Drift Plains
1737560,"200","52",Douglas-fir Group,Klamath Mountains/California High North Coast Range
1322943,"200","38",Douglas-fir Group,Idaho Batholith
1079690,"500","25",Oak/Hickory Group,Central Corn Belt Plains
244472,"380","17",Exotic Softwoods Group,Ridge and Valley
1609985,"990","49",Exotic Hardwoods Group,Western Gulf Coastal Plain
2910405,"100","74",White/Red/Jack Pine Group,Southern Florida Coastal Plain
3266392,"500","83",Oak/Hickory Group,Lake Agassiz Plain
1292485,"700","37",Elm/Ash/Cottonwood Group,Mississippi Alluvial Plain
2320137,"700","64",Elm/Ash/Cottonwood Group,Middle Atlantic Coastal Plain
165165,"700","16",Elm/Ash/Cottonwood Group,Northern Rockies
2411138,"160","65",Loblolly/Shortleaf Pine Group,Western Allegheny Plateau
1033587,"900","24",Aspen/Birch Group,Interior River Valleys and Hills
2826793,"120","72",Spruce/Fir Group,Middle Rockies
3072107,"600","79",Oak/Gum/Cypress Group,South Central Plains
1771423,"370","53",California Mixed Conifer Group,Snake River Plain
1001861,"380","23",Exotic Softwoods Group,Erie Drift Plain
1001250,"900","23",Aspen/Birch Group,Erie Drift Plain
1567948,"600","48",Oak/Gum/Cypress Group,Acadian Plains and Hills
3275408,"360","84",Other Western Softwood Group,Madrean Archipelago
33960,"800","11",Maple/Beech/Birch Group,Southern Michigan/Northern Indiana Drift Plains
2698862,"920","6",Western Oak Group,Northern Basin and Range
1539080,"260","47",Fir/Spruce/Mountain Hemlock Group,Arizona/New Mexico Plateau
2264892,"910","62",Alder/Maple Group,Puget Lowland
241249,"700","17",Elm/Ash/Cottonwood Group,Ridge and Valley
1323106,"220","38",Ponderosa Pine Group,Idaho Batholith
1914526,"900","59",Aspen/Birch Group,Northeastern Highlands
1831601,"400","57",Oak/Pine Group,Central Great Plains
1434773,"180","41",Pinyon/Juniper Group,Interior Plateau
1535366,"900","46",Aspen/Birch Group,Northwestern Glaciated Plains
1807279,"280","55",Lodgepole Pine Group,Willamette Valley
1697748,"180","50",Pinyon/Juniper Group,Mojave Basin and Range
1609941,"500","49",Oak/Hickory Group,Western Gulf Coastal Plain
1267145,"900","35",Aspen/Birch Group,Columbia Plateau
40334,"700","11",Elm/Ash/Cottonwood Group,Southern Michigan/Northern Indiana Drift Plains
1424861,"180","40",Pinyon/Juniper Group,Atlantic Coastal Pine Barrens
1814080,"260","56",Fir/Spruce/Mountain Hemlock Group,Northwestern Great Plains
1270863,"500","36",Oak/Hickory Group,East Central Texas Plains
2362124,"100","64",White/Red/Jack Pine Group,Middle Atlantic Coastal Plain
981041,"900","21",Aspen/Birch Group,Southeastern Wisconsin Till Plains
1498833,"500","42",Oak/Hickory Group,Southern Texas Plains
1250231,"800","34",Maple/Beech/Birch Group,Northern Minnesota Wetlands
1772801,"220","54",Ponderosa Pine Group,Cross Timbers
1422362,"400","40",Oak/Pine Group,Atlantic Coastal Pine Barrens
143897,"800","15",Maple/Beech/Birch Group,Eastern Corn Belt Plains
3005575,"380","77",Exotic Softwoods Group,Northern Piedmont
1700997,"100","51",White/Red/Jack Pine Group,Driftless Area
2320424,"800","64",Maple/Beech/Birch Group,Middle Atlantic Coastal Plain
2899021,"700","73",Elm/Ash/Cottonwood Group,North Central Appalachians
1770893,"260","53",Fir/Spruce/Mountain Hemlock Group,Snake River Plain
1526940,"220","44",Ponderosa Pine Group,Southern California Mountains
3294949,"160","8",Loblolly/Shortleaf Pine Group,Piedmont
1271438,"180","36",Pinyon/Juniper Group,East Central Texas Plains
97587,"950","14",Other Western Hardwoods Group,Colorado Plateaus
396317,"600","1",Oak/Gum/Cypress Group,Southeastern Plains
1812725,"280","56",Lodgepole Pine Group,Northwestern Great Plains
2956713,"500","76",Oak/Hickory Group,Western Corn Belt Plains
3016995,"120","78",Spruce/Fir Group,Northeastern Coastal Zone
1806843,"950","55",Other Western Hardwoods Group,Willamette Valley
76561,"220","13",Ponderosa Pine Group,Canadian Rockies
2685267,"940","69",Tanoak/Laurel Group,Eastern Cascades Slopes and Foothills
75963,"700","13",Elm/Ash/Cottonwood Group,Canadian Rockies
1167394,"600","31",Oak/Gum/Cypress Group,Arkansas Valley
1526864,"920","44",Western Oak Group,Southern California Mountains
1101595,"180","28",Pinyon/Juniper Group,Nebraska Sand Hills
2738019,"370","70",California Mixed Conifer Group,Blue Mountains
2671241,"900","69",Aspen/Birch Group,Eastern Cascades Slopes and Foothills
2909764,"400","74",Oak/Pine Group,Southern Florida Coastal Plain
1167377,"500","31",Oak/Hickory Group,Arkansas Valley
1814161,"320","56",Western Larch Group,Northwestern Great Plains
3267595,"100","83",White/Red/Jack Pine Group,Lake Agassiz Plain
1097116,"700","26",Elm/Ash/Cottonwood Group,Huron/Erie Lake Plains
2902517,"160","73",Loblolly/Shortleaf Pine Group,North Central Appalachians
1445190,"600","41",Oak/Gum/Cypress Group,Interior Plateau
2670962,"200","69",Douglas-fir Group,Eastern Cascades Slopes and Foothills
3265294,"260","82",Fir/Spruce/Mountain Hemlock Group,Chihuahuan Deserts
1502414,"200","43",Douglas-fir Group,Cascades
1079642,"800","25",Maple/Beech/Birch Group,Central Corn Belt Plains
1812649,"900","56",Aspen/Birch Group,Northwestern Great Plains
310677,"180","18",Pinyon/Juniper Group,North Central Hardwood Forests
2700022,"700","6",Elm/Ash/Cottonwood Group,Northern Basin and Range
2738743,"950","70",Other Western Hardwoods Group,Blue Mountains
2278549,"200","63",Douglas-fir Group,Coast Range
2794975,"200","72",Douglas-fir Group,Middle Rockies
1504915,"360","43",Other Western Softwood Group,Cascades
378215,"370","19",California Mixed Conifer Group,Central California Foothills and Coastal Mountains
2303661,"360","63",Other Western Softwood Group,Coast Range
2697515,"180","6",Pinyon/Juniper Group,Northern Basin and Range
173131,"240","16",Western White Pine Group,Northern Rockies
102268,"700","14",Elm/Ash/Cottonwood Group,Colorado Plateaus
1257557,"400","34",Oak/Pine Group,Northern Minnesota Wetlands
1116852,"220","2",Ponderosa Pine Group,High Plains
1737563,"920","52",Western Oak Group,Klamath Mountains/California High North Coast Range
1422377,"160","40",Loblolly/Shortleaf Pine Group,Atlantic Coastal Pine Barrens
1564066,"700","48",Elm/Ash/Cottonwood Group,Acadian Plains and Hills
2763610,"500","71",Oak/Hickory Group,Ouachita Mountains
1989262,"500","5",Oak/Hickory Group,Northern Lakes and Forests
3174090,"990","79",Exotic Hardwoods Group,South Central Plains
2237447,"500","61",Oak/Hickory Group,Eastern Great Lakes Lowlands
3004614,"800","77",Maple/Beech/Birch Group,Northern Piedmont
1527052,"180","44",Pinyon/Juniper Group,Southern California Mountains
2909634,"500","74",Oak/Hickory Group,Southern Florida Coastal Plain
1501065,"990","42",Exotic Hardwoods Group,Southern Texas Plains
55644,"100","12",White/Red/Jack Pine Group,Blue Ridge
1858195,"600","57",Oak/Gum/Cypress Group,Central Great Plains
378292,"940","19",Tanoak/Laurel Group,Central California Foothills and Coastal Mountains
2278551,"300","63",Hemlock/Sitka Spruce Group,Coast Range
1187279,"920","32",Western Oak Group,Central Basin and Range
1129478,"990","30",Exotic Hardwoods Group,Mississippi Valley Loess Plains
1093120,"100","26",White/Red/Jack Pine Group,Huron/Erie Lake Plains
1770863,"220","53",Ponderosa Pine Group,Snake River Plain
1093121,"900","26",Aspen/Birch Group,Huron/Erie Lake Plains
2298886,"940","63",Tanoak/Laurel Group,Coast Range
1867280,"160","57",Loblolly/Shortleaf Pine Group,Central Great Plains
2956712,"700","76",Elm/Ash/Cottonwood Group,Western Corn Belt Plains
1101573,"700","28",Elm/Ash/Cottonwood Group,Nebraska Sand Hills
1295519,"180","37",Pinyon/Juniper Group,Mississippi Alluvial Plain
1914525,"120","59",Spruce/Fir Group,Northeastern Highlands
2938803,"700","75",Elm/Ash/Cottonwood Group,Wasatch and Uinta Mountains
1080271,"600","25",Oak/Gum/Cypress Group,Central Corn Belt Plains
1535466,"320","46",Western Larch Group,Northwestern Glaciated Plains
2899023,"800","73",Maple/Beech/Birch Group,North Central Appalachians
1654870,"220","4",Ponderosa Pine Group,Central Irregular Plains
1367049,"380","39",Exotic Softwoods Group,Central Appalachians
963986,"600","20",Oak/Gum/Cypress Group,Southwestern Appalachians
1323074,"360","38",Other Western Softwood Group,Idaho Batholith
2763608,"160","71",Loblolly/Shortleaf Pine Group,Ouachita Mountains
1126412,"700","30",Elm/Ash/Cottonwood Group,Mississippi Valley Loess Plains
1559612,"120","48",Spruce/Fir Group,Acadian Plains and Hills
3244655,"910","81",Alder/Maple Group,North Cascades
1660063,"100","4",White/Red/Jack Pine Group,Central Irregular Plains
1806937,"700","55",Elm/Ash/Cottonwood Group,Willamette Valley
338726,"380","18",Exotic Softwoods Group,North Central Hardwood Forests
1742681,"280","52",Lodgepole Pine Group,Klamath Mountains/California High North Coast Range
2027624,"380","5",Exotic Softwoods Group,Northern Lakes and Forests
1261089,"200","35",Douglas-fir Group,Columbia Plateau
1193223,"370","32",California Mixed Conifer Group,Central Basin and Range
2281915,"950","63",Other Western Hardwoods Group,Coast Range
76094,"300","13",Hemlock/Sitka Spruce Group,Canadian Rockies
1813243,"360","56",Other Western Softwood Group,Northwestern Great Plains
1872512,"920","58",Western Oak Group,Sierra Nevada
1989623,"700","5",Elm/Ash/Cottonwood Group,Northern Lakes and Forests
2913908,"360","75",Other Western Softwood Group,Wasatch and Uinta Mountains
164868,"220","16",Ponderosa Pine Group,Northern Rockies
241176,"500","17",Oak/Hickory Group,Ridge and Valley
3291183,"700","85",Elm/Ash/Cottonwood Group,Sonoran Basin and Range
1217242,"800","33",Maple/Beech/Birch Group,Ozark Highlands
1737807,"220","52",Ponderosa Pine Group,Klamath Mountains/California High North Coast Range
33825,"500","11",Oak/Hickory Group,Southern Michigan/Northern Indiana Drift Plains
1531989,"280","44",Lodgepole Pine Group,Southern California Mountains
1498721,"400","42",Oak/Pine Group,Southern Texas Plains
1357011,"180","38",Pinyon/Juniper Group,Idaho Batholith
2237443,"120","61",Spruce/Fir Group,Eastern Great Lakes Lowlands
378357,"200","19",Douglas-fir Group,Central California Foothills and Coastal Mountains
1699164,"900","50",Aspen/Birch Group,Mojave Basin and Range
2573069,"260","68",Fir/Spruce/Mountain Hemlock Group,Southern Rockies
1018140,"160","23",Loblolly/Shortleaf Pine Group,Erie Drift Plain
1098312,"500","27",Oak/Hickory Group,Boston Mountains
1422356,"600","40",Oak/Gum/Cypress Group,Atlantic Coastal Pine Barrens
1498816,"600","42",Oak/Gum/Cypress Group,Southern Texas Plains
2741311,"700","70",Elm/Ash/Cottonwood Group,Blue Mountains
981087,"100","21",White/Red/Jack Pine Group,Southeastern Wisconsin Till Plains
3266378,"900","83",Aspen/Birch Group,Lake Agassiz Plain
164930,"280","16",Lodgepole Pine Group,Northern Rockies
962794,"700","20",Elm/Ash/Cottonwood Group,Southwestern Appalachians
2533236,"990","66",Exotic Hardwoods Group,Southern Coastal Plain
2956833,"180","76",Pinyon/Juniper Group,Western Corn Belt Plains
1502413,"300","43",Hemlock/Sitka Spruce Group,Cascades
1102257,"920","29",Western Oak Group,Southwestern Tablelands
396225,"500","1",Oak/Hickory Group,Southeastern Plains
3505206,"200","9",Douglas-fir Group,Wyoming Basin
2448032,"400","66",Oak/Pine Group,Southern Coastal Plain
2448018,"500","66",Oak/Hickory Group,Southern Coastal Plain
164908,"320","16",Western Larch Group,Northern Rockies
3232160,"500","7",Oak/Hickory Group,Northern Glaciated Plains
1187205,"950","32",Other Western Hardwoods Group,Central Basin and Range
2897490,"920","72",Western Oak Group,Middle Rockies
1528443,"950","44",Other Western Hardwoods Group,Southern California Mountains
2265616,"260","62",Fir/Spruce/Mountain Hemlock Group,Puget Lowland
1502409,"910","43",Alder/Maple Group,Cascades
2912753,"260","75",Fir/Spruce/Mountain Hemlock Group,Wasatch and Uinta Mountains
2760494,"240","70",Western White Pine Group,Blue Mountains
3266421,"120","83",Spruce/Fir Group,Lake Agassiz Plain
1079693,"900","25",Aspen/Birch Group,Central Corn Belt Plains
1270953,"400","36",Oak/Pine Group,East Central Texas Plains
1264975,"300","35",Hemlock/Sitka Spruce Group,Columbia Plateau
2912752,"220","75",Ponderosa Pine Group,Wasatch and Uinta Mountains
1366993,"100","39",White/Red/Jack Pine Group,Central Appalachians
1511046,"220","43",Ponderosa Pine Group,Cascades
1876124,"910","58",Alder/Maple Group,Sierra Nevada
1116922,"400","2",Oak/Pine Group,High Plains
1422346,"800","40",Maple/Beech/Birch Group,Atlantic Coastal Pine Barrens
2912853,"280","75",Lodgepole Pine Group,Wasatch and Uinta Mountains
2956807,"100","76",White/Red/Jack Pine Group,Western Corn Belt Plains
3294952,"700","8",Elm/Ash/Cottonwood Group,Piedmont
201,"500","10",Oak/Hickory Group,Edwards Plateau
1080038,"400","25",Oak/Pine Group,Central Corn Belt Plains
1189724,"360","32",Other Western Softwood Group,Central Basin and Range
1627962,"400","4",Oak/Pine Group,Central Irregular Plains
2407420,"500","65",Oak/Hickory Group,Western Allegheny Plateau
1698560,"950","50",Other Western Hardwoods Group,Mojave Basin and Range
3412619,"140","8",Longleaf/Slash Pine Group,Piedmont
32068,"900","11",Aspen/Birch Group,Southern Michigan/Northern Indiana Drift Plains
186132,"360","16",Other Western Softwood Group,Northern Rockies
1745631,"300","52",Hemlock/Sitka Spruce Group,Klamath Mountains/California High North Coast Range
1322951,"260","38",Fir/Spruce/Mountain Hemlock Group,Idaho Batholith
3284577,"180","85",Pinyon/Juniper Group,Sonoran Basin and Range
1261849,"280","35",Lodgepole Pine Group,Columbia Plateau
3234828,"180","80",Pinyon/Juniper Group,Flint Hills
3006330,"160","77",Loblolly/Shortleaf Pine Group,Northern Piedmont
2265383,"280","62",Lodgepole Pine Group,Puget Lowland
2240594,"380","61",Exotic Softwoods Group,Eastern Great Lakes Lowlands
1988570,"180","59",Pinyon/Juniper Group,Northeastern Highlands
1535317,"920","45",Western Oak Group,Central California Valley
2956860,"400","76",Oak/Pine Group,Western Corn Belt Plains
1700976,"800","51",Maple/Beech/Birch Group,Driftless Area
75831,"200","13",Douglas-fir Group,Canadian Rockies
2671390,"300","69",Hemlock/Sitka Spruce Group,Eastern Cascades Slopes and Foothills
2447993,"160","66",Loblolly/Shortleaf Pine Group,Southern Coastal Plain
143981,"700","15",Elm/Ash/Cottonwood Group,Eastern Corn Belt Plains
3244711,"280","81",Lodgepole Pine Group,North Cascades
1434223,"400","41",Oak/Pine Group,Interior Plateau
1250229,"700","34",Elm/Ash/Cottonwood Group,Northern Minnesota Wetlands
1268218,"180","35",Pinyon/Juniper Group,Columbia Plateau
2912731,"900","75",Aspen/Birch Group,Wasatch and Uinta Mountains
1101796,"400","28",Oak/Pine Group,Nebraska Sand Hills
1502544,"260","43",Fir/Spruce/Mountain Hemlock Group,Cascades
2237450,"900","61",Aspen/Birch Group,Eastern Great Lakes Lowlands
991357,"700","22",Elm/Ash/Cottonwood Group,Texas Blackland Prairies
1701001,"900","51",Aspen/Birch Group,Driftless Area
981665,"400","21",Oak/Pine Group,Southeastern Wisconsin Till Plains
1389328,"360","3",Other Western Softwood Group,Arizona/New Mexico Mountains
1876627,"240","58",Western White Pine Group,Sierra Nevada
1700974,"500","51",Oak/Hickory Group,Driftless Area
164870,"260","16",Fir/Spruce/Mountain Hemlock Group,Northern Rockies
1698866,"260","50",Fir/Spruce/Mountain Hemlock Group,Mojave Basin and Range
2278563,"910","63",Alder/Maple Group,Coast Range
1250226,"120","34",Spruce/Fir Group,Northern Minnesota Wetlands
1771068,"180","53",Pinyon/Juniper Group,Snake River Plain
1112405,"950","29",Other Western Hardwoods Group,Southwestern Tablelands
3005242,"180","77",Pinyon/Juniper Group,Northern Piedmont
2909629,"140","74",Longleaf/Slash Pine Group,Southern Florida Coastal Plain
1187373,"260","32",Fir/Spruce/Mountain Hemlock Group,Central Basin and Range
1269713,"370","35",California Mixed Conifer Group,Columbia Plateau
1698573,"220","50",Ponderosa Pine Group,Mojave Basin and Range
1384911,"200","3",Douglas-fir Group,Arizona/New Mexico Mountains
3016581,"500","78",Oak/Hickory Group,Northeastern Coastal Zone
2573059,"200","68",Douglas-fir Group,Southern Rockies
1187631,"900","32",Aspen/Birch Group,Central Basin and Range
1878525,"950","58",Other Western Hardwoods Group,Sierra Nevada
1856527,"920","57",Western Oak Group,Central Great Plains
1079661,"380","25",Exotic Softwoods Group,Central Corn Belt Plains
396243,"400","1",Oak/Pine Group,Southeastern Plains
1101579,"220","28",Ponderosa Pine Group,Nebraska Sand Hills
3505321,"950","9",Other Western Hardwoods Group,Wyoming Basin
55623,"800","12",Maple/Beech/Birch Group,Blue Ridge
1105644,"800","29",Maple/Beech/Birch Group,Southwestern Tablelands
3072104,"500","79",Oak/Hickory Group,South Central Plains
1094743,"800","26",Maple/Beech/Birch Group,Huron/Erie Lake Plains
2407414,"800","65",Maple/Beech/Birch Group,Western Allegheny Plateau
2956732,"900","76",Aspen/Birch Group,Western Corn Belt Plains
3505556,"900","9",Aspen/Birch Group,Wyoming Basin
1806860,"300","55",Hemlock/Sitka Spruce Group,Willamette Valley
393490,"280","19",Lodgepole Pine Group,Central California Foothills and Coastal Mountains
1079650,"700","25",Elm/Ash/Cottonwood Group,Central Corn Belt Plains
1217239,"400","33",Oak/Pine Group,Ozark Highlands
3005929,"600","77",Oak/Gum/Cypress Group,Northern Piedmont
1281453,"140","36",Longleaf/Slash Pine Group,East Central Texas Plains
991353,"500","22",Oak/Hickory Group,Texas Blackland Prairies
1167379,"160","31",Loblolly/Shortleaf Pine Group,Arkansas Valley
2301312,"220","63",Ponderosa Pine Group,Coast Range
3507800,"920","9",Western Oak Group,Wyoming Basin
1367901,"400","39",Oak/Pine Group,Central Appalachians
1250225,"500","34",Oak/Hickory Group,Northern Minnesota Wetlands
1509275,"240","43",Western White Pine Group,Cascades
1698948,"200","50",Douglas-fir Group,Mojave Basin and Range
2447996,"140","66",Longleaf/Slash Pine Group,Southern Coastal Plain
1126411,"500","30",Oak/Hickory Group,Mississippi Valley Loess Plains
2700516,"360","6",Other Western Softwood Group,Northern Basin and Range
75843,"320","13",Western Larch Group,Canadian Rockies
1167537,"700","31",Elm/Ash/Cottonwood Group,Arkansas Valley
3004633,"700","77",Elm/Ash/Cottonwood Group,Northern Piedmont
2304903,"370","63",California Mixed Conifer Group,Coast Range
1559617,"100","48",White/Red/Jack Pine Group,Acadian Plains and Hills
1737642,"910","52",Alder/Maple Group,Klamath Mountains/California High North Coast Range
273458,"600","17",Oak/Gum/Cypress Group,Ridge and Valley
2675307,"700","69",Elm/Ash/Cottonwood Group,Eastern Cascades Slopes and Foothills
1270949,"160","36",Loblolly/Shortleaf Pine Group,East Central Texas Plains
2899032,"900","73",Aspen/Birch Group,North Central Appalachians
1422353,"700","40",Elm/Ash/Cottonwood Group,Atlantic Coastal Pine Barrens
1027225,"100","24",White/Red/Jack Pine Group,Interior River Valleys and Hills
2670975,"280","69",Lodgepole Pine Group,Eastern Cascades Slopes and Foothills
1569897,"400","48",Oak/Pine Group,Acadian Plains and Hills
1811330,"800","56",Maple/Beech/Birch Group,Northwestern Great Plains
3072149,"180","79",Pinyon/Juniper Group,South Central Plains
1102197,"180","29",Pinyon/Juniper Group,Southwestern Tablelands
164903,"900","16",Aspen/Birch Group,Northern Rockies
1879462,"700","58",Elm/Ash/Cottonwood Group,Sierra Nevada
55622,"500","12",Oak/Hickory Group,Blue Ridge
2676439,"370","69",California Mixed Conifer Group,Eastern Cascades Slopes and Foothills
2730892,"360","70",Other Western Softwood Group,Blue Mountains
1126564,"400","30",Oak/Pine Group,Mississippi Valley Loess Plains
3275363,"900","84",Aspen/Birch Group,Madrean Archipelago
2216893,"160","60",Loblolly/Shortleaf Pine Group,Northern Allegheny Plateau
1770958,"700","53",Elm/Ash/Cottonwood Group,Snake River Plain
2573049,"220","68",Ponderosa Pine Group,Southern Rockies
1699196,"920","50",Western Oak Group,Mojave Basin and Range
1384816,"600","39",Oak/Gum/Cypress Group,Central Appalachians
1116851,"700","2",Elm/Ash/Cottonwood Group,High Plains
1511337,"370","43",California Mixed Conifer Group,Cascades
1532569,"200","44",Douglas-fir Group,Southern California Mountains
1749009,"340","52",Redwood Group,Klamath Mountains/California High North Coast Range
2763609,"700","71",Elm/Ash/Cottonwood Group,Ouachita Mountains
3273679,"200","84",Douglas-fir Group,Madrean Archipelago
1539803,"370","47",California Mixed Conifer Group,Arizona/New Mexico Plateau
1933034,"380","59",Exotic Softwoods Group,Northeastern Highlands
1116714,"600","29",Oak/Gum/Cypress Group,Southwestern Tablelands
1772701,"500","54",Oak/Hickory Group,Cross Timbers
1914527,"800","59",Maple/Beech/Birch Group,Northeastern Highlands
97558,"920","14",Western Oak Group,Colorado Plateaus
1102207,"700","29",Elm/Ash/Cottonwood Group,Southwestern Tablelands
1922588,"700","59",Elm/Ash/Cottonwood Group,Northeastern Highlands
1698801,"370","50",California Mixed Conifer Group,Mojave Basin and Range
2912732,"200","75",Douglas-fir Group,Wasatch and Uinta Mountains
3264912,"900","82",Aspen/Birch Group,Chihuahuan Deserts
2573082,"360","68",Other Western Softwood Group,Southern Rockies
2729755,"300","70",Hemlock/Sitka Spruce Group,Blue Mountains
1323574,"300","38",Hemlock/Sitka Spruce Group,Idaho Batholith
979323,"140","20",Longleaf/Slash Pine Group,Southwestern Appalachians
1262745,"320","35",Western Larch Group,Columbia Plateau
3,"700","10",Elm/Ash/Cottonwood Group,Edwards Plateau
3072124,"160","79",Loblolly/Shortleaf Pine Group,South Central Plains
1422370,"500","40",Oak/Hickory Group,Atlantic Coastal Pine Barrens
75834,"260","13",Fir/Spruce/Mountain Hemlock Group,Canadian Rockies
1808386,"920","55",Western Oak Group,Willamette Valley
2718801,"200","70",Douglas-fir Group,Blue Mountains
2357655,"140","64",Longleaf/Slash Pine Group,Middle Atlantic Coastal Plain
3031680,"600","78",Oak/Gum/Cypress Group,Northeastern Coastal Zone
3271373,"920","84",Western Oak Group,Madrean Archipelago
1872397,"220","58",Ponderosa Pine Group,Sierra Nevada
2909975,"990","74",Exotic Hardwoods Group,Southern Florida Coastal Plain
1514603,"950","43",Other Western Hardwoods Group,Cascades
2214015,"500","60",Oak/Hickory Group,Northern Allegheny Plateau
1827999,"950","56",Other Western Hardwoods Group,Northwestern Great Plains
1323517,"950","38",Other Western Hardwoods Group,Idaho Batholith
55937,"700","12",Elm/Ash/Cottonwood Group,Blue Ridge
1126416,"600","30",Oak/Gum/Cypress Group,Mississippi Valley Loess Plains
1250220,"900","34",Aspen/Birch Group,Northern Minnesota Wetlands
3266397,"700","83",Elm/Ash/Cottonwood Group,Lake Agassiz Plain
1872418,"260","58",Fir/Spruce/Mountain Hemlock Group,Sierra Nevada
3295224,"600","8",Oak/Gum/Cypress Group,Piedmont
2899024,"500","73",Oak/Hickory Group,North Central Appalachians
962628,"500","20",Oak/Hickory Group,Southwestern Appalachians
298394,"900","18",Aspen/Birch Group,North Central Hardwood Forests
3266418,"800","83",Maple/Beech/Birch Group,Lake Agassiz Plain
378455,"260","19",Fir/Spruce/Mountain Hemlock Group,Central California Foothills and Coastal Mountains
1527084,"370","44",California Mixed Conifer Group,Southern California Mountains
1098313,"180","27",Pinyon/Juniper Group,Boston Mountains
241288,"400","17",Oak/Pine Group,Ridge and Valley
1516852,"180","43",Pinyon/Juniper Group,Cascades
1001686,"400","23",Oak/Pine Group,Erie Drift Plain
1831594,"500","57",Oak/Hickory Group,Central Great Plains
2279315,"280","63",Lodgepole Pine Group,Coast Range
1038050,"220","24",Ponderosa Pine Group,Interior River Valleys and Hills
1872560,"280","58",Lodgepole Pine Group,Sierra Nevada
1209625,"240","32",Western White Pine Group,Central Basin and Range
1116717,"160","29",Loblolly/Shortleaf Pine Group,Southwestern Tablelands
2237511,"400","61",Oak/Pine Group,Eastern Great Lakes Lowlands
98102,"360","14",Other Western Softwood Group,Colorado Plateaus
1533369,"260","44",Fir/Spruce/Mountain Hemlock Group,Southern California Mountains
3271244,"180","84",Pinyon/Juniper Group,Madrean Archipelago
1025437,"600","24",Oak/Gum/Cypress Group,Interior River Valleys and Hills
2214732,"380","60",Exotic Softwoods Group,Northern Allegheny Plateau
1367007,"700","39",Elm/Ash/Cottonwood Group,Central Appalachians
2910807,"700","74",Elm/Ash/Cottonwood Group,Southern Florida Coastal Plain
3505595,"700","9",Elm/Ash/Cottonwood Group,Wyoming Basin
1098542,"600","27",Oak/Gum/Cypress Group,Boston Mountains
1701053,"700","51",Elm/Ash/Cottonwood Group,Driftless Area
2573071,"280","68",Lodgepole Pine Group,Southern Rockies
2698768,"950","6",Other Western Hardwoods Group,Northern Basin and Range
3245601,"320","81",Western Larch Group,North Cascades
1621450,"700","4",Elm/Ash/Cottonwood Group,Central Irregular Plains
2794970,"220","72",Ponderosa Pine Group,Middle Rockies
3234238,"400","7",Oak/Pine Group,Northern Glaciated Plains
3244662,"300","81",Hemlock/Sitka Spruce Group,North Cascades
981042,"700","21",Elm/Ash/Cottonwood Group,Southeastern Wisconsin Till Plains
1772706,"700","54",Elm/Ash/Cottonwood Group,Cross Timbers
1393254,"950","3",Other Western Hardwoods Group,Arizona/New Mexico Mountains
2488686,"800","66",Maple/Beech/Birch Group,Southern Coastal Plain
3016583,"400","78",Oak/Pine Group,Northeastern Coastal Zone
1322944,"320","38",Western Larch Group,Idaho Batholith
165123,"950","16",Other Western Hardwoods Group,Northern Rockies
1380589,"160","39",Loblolly/Shortleaf Pine Group,Central Appalachians
286957,"140","17",Longleaf/Slash Pine Group,Ridge and Valley
1093161,"500","26",Oak/Hickory Group,Huron/Erie Lake Plains
1292580,"400","37",Oak/Pine Group,Mississippi Alluvial Plain
3232157,"800","7",Maple/Beech/Birch Group,Northern Glaciated Plains
97212,"950","13",Other Western Hardwoods Group,Canadian Rockies
1739890,"260","52",Fir/Spruce/Mountain Hemlock Group,Klamath Mountains/California High North Coast Range
991433,"600","22",Oak/Gum/Cypress Group,Texas Blackland Prairies
3505205,"180","9",Pinyon/Juniper Group,Wyoming Basin
1989268,"900","5",Aspen/Birch Group,Northern Lakes and Forests
1206538,"280","32",Lodgepole Pine Group,Central Basin and Range
1098311,"160","27",Loblolly/Shortleaf Pine Group,Boston Mountains
2719184,"320","70",Western Larch Group,Blue Mountains
1385312,"900","3",Aspen/Birch Group,Arizona/New Mexico Mountains
2320160,"400","64",Oak/Pine Group,Middle Atlantic Coastal Plain
962638,"800","20",Maple/Beech/Birch Group,Southwestern Appalachians
1118425,"200","2",Douglas-fir Group,High Plains
143353,"100","15",White/Red/Jack Pine Group,Eastern Corn Belt Plains
3004867,"100","77",White/Red/Jack Pine Group,Northern Piedmont
1702828,"380","51",Exotic Softwoods Group,Driftless Area
54705,"600","11",Oak/Gum/Cypress Group,Southern Michigan/Northern Indiana Drift Plains
1683994,"160","4",Loblolly/Shortleaf Pine Group,Central Irregular Plains
299534,"400","18",Oak/Pine Group,North Central Hardwood Forests
2407504,"700","65",Elm/Ash/Cottonwood Group,Western Allegheny Plateau
1772182,"360","53",Other Western Softwood Group,Snake River Plain
1831593,"700","57",Elm/Ash/Cottonwood Group,Central Great Plains
1102263,"220","29",Ponderosa Pine Group,Southwestern Tablelands
1610125,"140","49",Longleaf/Slash Pine Group,Western Gulf Coastal Plain
1741063,"240","52",Western White Pine Group,Klamath Mountains/California High North Coast Range
1738127,"370","52",California Mixed Conifer Group,Klamath Mountains/California High North Coast Range
2680564,"240","69",Western White Pine Group,Eastern Cascades Slopes and Foothills
1324626,"900","38",Aspen/Birch Group,Idaho Batholith
1807690,"260","55",Fir/Spruce/Mountain Hemlock Group,Willamette Valley
252995,"180","17",Pinyon/Juniper Group,Ridge and Valley
2912777,"920","75",Western Oak Group,Wasatch and Uinta Mountains
2697512,"220","6",Ponderosa Pine Group,Northern Basin and Range
2311373,"180","63",Pinyon/Juniper Group,Coast Range
1507597,"700","43",Elm/Ash/Cottonwood Group,Cascades
3244691,"260","81",Fir/Spruce/Mountain Hemlock Group,North Cascades
143556,"500","15",Oak/Hickory Group,Eastern Corn Belt Plains
433580,"140","1",Longleaf/Slash Pine Group,Southeastern Plains
1025061,"700","24",Elm/Ash/Cottonwood Group,Interior River Valleys and Hills
2741304,"900","70",Aspen/Birch Group,Blue Mountains
2956716,"800","76",Maple/Beech/Birch Group,Western Corn Belt Plains
1577950,"500","48",Oak/Hickory Group,Acadian Plains and Hills
1780721,"160","54",Loblolly/Shortleaf Pine Group,Cross Timbers
97572,"200","14",Douglas-fir Group,Colorado Plateaus
2320176,"160","64",Loblolly/Shortleaf Pine Group,Middle Atlantic Coastal Plain
3092722,"140","79",Longleaf/Slash Pine Group,South Central Plains
3235407,"400","80",Oak/Pine Group,Flint Hills
